player_code,web_name,pos,apps,mins,hits,mean_actions,total_actions,hit_rate,actions_p90,defcon_pts,defcon_p90
215379,Anderson,MID,38,3332,26,13.552631578947368,515.0,0.6842105263157895,13.910564225690274,52,1.4045618247298919
221466,Senesi,DEF,37,3288,26,12.486486486486486,462.0,0.7027027027027027,12.645985401459855,52,1.4233576642335768
17761,Tarkowski,DEF,37,3330,23,10.864864864864865,402.0,0.6216216216216216,10.864864864864865,46,1.2432432432432432
437499,Lacroix,DEF,35,3085,22,11.342857142857143,397.0,0.6285714285714286,11.581847649918963,44,1.2836304700162073
477717,Estève,DEF,34,2933,22,10.588235294117647,360.0,0.6470588235294118,11.04670985339243,44,1.3501534265257416
174874,Andersen,DEF,33,2882,21,11.090909090909092,366.0,0.6363636363636364,11.429562803608604,42,1.311589174184594
232928,Garner,MID,38,3413,20,12.052631578947368,458.0,0.5263157894736842,12.077351303838265,40,1.054790506885438
199598,Ampadu,MID,35,3119,19,11.885714285714286,416.0,0.5428571428571428,12.003847386983006,38,1.0965052901571015
233963,Mavropanos,DEF,31,2532,19,10.741935483870968,333.0,0.6129032258064516,11.836492890995261,38,1.3507109004739337
97032,Virgil,DEF,38,3420,19,9.921052631578947,377.0,0.5,9.921052631578947,38,1.0
106611,Keane,DEF,33,2588,18,10.06060606060606,332.0,0.5454545454545454,11.545595054095827,36,1.2519319938176197
227444,Milenković,DEF,38,3375,17,8.947368421052632,340.0,0.4473684210526316,9.066666666666666,34,0.9066666666666666
180736,Chalobah,DEF,34,2780,17,8.735294117647058,297.0,0.5,9.615107913669064,34,1.1007194244604317
432830,Collins,DEF,35,2971,17,10.028571428571428,351.0,0.4857142857142857,10.632783574554022,34,1.0299562436889935
223827,Ballard,DEF,29,2144,16,9.517241379310345,276.0,0.5517241379310345,11.585820895522387,32,1.3432835820895521
469142,Van Hecke,DEF,36,3210,16,9.63888888888889,347.0,0.4444444444444444,9.728971962616823,32,0.8971962616822431
465642,Thiaw,DEF,35,2963,16,9.142857142857142,320.0,0.45714285714285713,9.71987850151873,32,0.9719878501518731
427623,Richards,DEF,33,2825,16,9.787878787878787,323.0,0.48484848484848486,10.290265486725664,32,1.0194690265486726
200834,Mukiele,DEF,32,2784,15,9.40625,301.0,0.46875,9.730603448275861,30,0.9698275862068966
509291,André,MID,35,2760,15,10.771428571428572,377.0,0.42857142857142855,12.293478260869565,30,0.9782608695652174
503139,Scott,MID,37,2848,15,10.432432432432432,386.0,0.40540540540540543,12.198033707865168,30,0.9480337078651685
551226,M.Fernandes,MID,36,3017,15,10.25,369.0,0.4166666666666667,11.007623467020217,30,0.8949287371561152
494521,Truffert,DEF,38,3378,15,9.236842105263158,351.0,0.39473684210526316,9.351687388987568,30,0.7992895204262878
448089,J.Gomes,MID,35,2829,15,11.057142857142857,387.0,0.42857142857142855,12.311770943796395,30,0.9544008483563097
214225,Rodon,DEF,35,2952,15,8.628571428571428,302.0,0.42857142857142855,9.207317073170733,30,0.9146341463414634
204716,Konaté,DEF,36,3090,15,8.833333333333334,318.0,0.4166666666666667,9.262135922330096,30,0.8737864077669902
220237,Botman,DEF,25,1834,14,9.8,245.0,0.56,12.022900763358779,28,1.3740458015267176
204480,Rice,MID,36,3093,14,10.444444444444445,376.0,0.3888888888888889,10.940834141610088,28,0.8147429679922406
216055,Florentino,MID,31,2100,14,10.096774193548388,313.0,0.45161290322580644,13.414285714285715,28,1.2
209036,Guéhi,DEF,35,3150,14,8.942857142857143,313.0,0.4,8.942857142857143,28,0.8
463981,Hill,DEF,29,2102,14,9.275862068965518,269.0,0.4827586206896552,11.517602283539487,28,1.1988582302568982
222694,Struijk,DEF,34,2935,14,9.294117647058824,316.0,0.4117647058823529,9.689948892674616,28,0.8586030664395229
61256,Casemiro,MID,34,2575,14,10.441176470588236,355.0,0.4117647058823529,12.407766990291263,28,0.9786407766990292
135720,Danso,DEF,24,1489,13,8.291666666666666,199.0,0.5416666666666666,12.028206850235057,26,1.5715245130960376
84450,Xhaka,MID,34,2901,13,10.647058823529411,362.0,0.38235294117647056,11.2306101344364,26,0.8066184074457083
202993,Bentancur,MID,26,1880,13,10.692307692307692,278.0,0.5,13.308510638297872,26,1.2446808510638299
201895,Alderete,DEF,33,2797,13,10.181818181818182,336.0,0.3939393939393939,10.811583839828387,26,0.8366106542724348
444765,Van den Berg,DEF,32,2761,13,9.4375,302.0,0.40625,9.84425932633104,26,0.8475190148496922
244723,Mitchell,DEF,38,3253,13,7.7105263157894735,293.0,0.34210526315789475,8.106363356901321,26,0.7193359975407316
575476,Murillo,DEF,25,2130,13,10.2,255.0,0.52,10.774647887323944,26,1.0985915492957745
486672,Caicedo,MID,33,2796,13,11.090909090909092,366.0,0.3939393939393939,11.781115879828326,26,0.8369098712446352
441164,Pedro Porro,DEF,34,2793,12,7.4411764705882355,253.0,0.35294117647058826,8.152524167561761,24,0.7733619763694951
232892,Bassey,DEF,30,2532,12,8.166666666666666,245.0,0.4,8.708530805687204,24,0.8530805687203792
154296,J.Palhinha,MID,33,2192,12,9.151515151515152,302.0,0.36363636363636365,12.39963503649635,24,0.9854014598540146
226597,Gabriel,DEF,32,2750,12,9.125,292.0,0.375,9.556363636363637,24,0.7854545454545454
83299,Dunk,DEF,33,2837,12,8.272727272727273,273.0,0.36363636363636365,8.660556926330631,24,0.7613676418752203
221632,Romero,DEF,23,1869,11,9.73913043478261,224.0,0.4782608695652174,10.786516853932584,22,1.0593900481540932
508395,Yarmoliuk,MID,37,2652,11,9.135135135135135,338.0,0.2972972972972973,11.470588235294118,22,0.746606334841629
478969,Ekdal,DEF,19,1539,11,9.894736842105264,188.0,0.5789473684210527,10.994152046783626,22,1.286549707602339
501837,Mosquera,DEF,27,2137,11,8.555555555555555,231.0,0.4074074074074074,9.728591483387927,22,0.9265325222274217
512462,O'Brien,DEF,37,3118,11,7.0,259.0,0.2972972972972973,7.475946119307248,22,0.6350224502886466
467779,Wieffer,MID,26,1901,11,10.346153846153847,269.0,0.4230769230769231,12.735402419779064,22,1.0415570752235666
78916,Burn,DEF,29,2195,11,9.0,261.0,0.3793103448275862,10.701594533029613,22,0.9020501138952164
434752,Bijol,DEF,25,1888,11,9.2,230.0,0.44,10.963983050847457,22,1.048728813559322
462116,Todibo,DEF,23,1817,10,7.782608695652174,179.0,0.43478260869565216,8.866263070996148,20,0.9906439185470556
191866,Ajer,DEF,27,1805,10,7.37037037037037,199.0,0.37037037037037035,9.922437673130194,20,0.9972299168975068
215136,N.Williams,DEF,37,3203,10,7.756756756756757,287.0,0.2702702702702703,8.064314704964096,20,0.561973150171714
214048,Kilman,DEF,21,1559,10,9.095238095238095,191.0,0.47619047619047616,11.026298909557408,20,1.1545862732520846
466525,Stach,MID,29,2369,10,9.172413793103448,266.0,0.3448275862068966,10.105529759392148,20,0.7598142676234698
510362,Toti,DEF,19,1423,10,8.68421052631579,165.0,0.5263157894736842,10.435699226985243,20,1.2649332396345747
651426,Canvot,DEF,20,1331,10,8.45,169.0,0.5,11.427498121712997,20,1.35236664162284
424876,Szoboszlai,MID,36,3232,10,9.38888888888889,338.0,0.2777777777777778,9.412128712871286,20,0.556930693069307
224967,Mykolenko,DEF,33,2959,10,7.666666666666667,253.0,0.30303030303030304,7.695167286245352,20,0.6083136194660358
209365,De Ligt,DEF,13,1170,9,10.692307692307692,139.0,0.6923076923076923,10.692307692307692,18,1.3846153846153846
247348,Muñoz,DEF,29,2400,9,8.137931034482758,236.0,0.3103448275862069,8.85,18,0.6749999999999999
214590,Wan-Bissaka,DEF,25,2080,9,7.52,188.0,0.36,8.134615384615385,18,0.7788461538461539
210462,Sangaré,MID,28,2073,9,9.535714285714286,267.0,0.32142857142857145,11.59189580318379,18,0.7814761215629522
58621,Walker,DEF,36,3095,9,7.361111111111111,265.0,0.25,7.705977382875607,18,0.5234248788368336
167074,Tete,DEF,22,1791,9,8.545454545454545,188.0,0.4090909090909091,9.447236180904524,18,0.9045226130653267
496221,Wharton,MID,34,2552,9,8.911764705882353,303.0,0.2647058823529412,10.685736677115989,18,0.6347962382445141
444463,Fofana,DEF,25,1718,9,8.56,214.0,0.36,11.21071012805588,18,0.9429569266589057
485047,Morato,DEF,21,1340,9,7.904761904761905,166.0,0.42857142857142855,11.149253731343283,18,1.208955223880597
119471,Schär,DEF,16,1089,8,8.3125,133.0,0.5,10.991735537190083,16,1.322314049586777
516939,Agbadou,DEF,14,1100,8,11.142857142857142,156.0,0.5714285714285714,12.763636363636364,16,1.309090909090909
613804,Diouf,DEF,32,2706,8,7.5,240.0,0.25,7.982261640798226,16,0.532150776053215
180974,Joelinton,MID,27,1950,8,8.814814814814815,238.0,0.2962962962962963,10.984615384615385,16,0.7384615384615384
484420,E.Le Fée,MID,36,2930,8,8.86111111111111,319.0,0.2222222222222222,9.79863481228669,16,0.49146757679180886
95658,Maguire,DEF,23,1649,8,7.043478260869565,162.0,0.34782608695652173,8.841722255912675,16,0.8732565191024864
171314,Rúben,DEF,26,2139,8,7.346153846153846,191.0,0.3076923076923077,8.036465638148668,16,0.6732117812061711
462424,Saliba,DEF,31,2614,8,7.225806451612903,224.0,0.25806451612903225,7.712318286151492,16,0.5508798775822494
220566,Rodrigo,MID,21,1510,8,9.80952380952381,206.0,0.38095238095238093,12.278145695364238,16,0.9536423841059603
431248,Krejčí,DEF,28,2356,8,7.75,217.0,0.2857142857142857,8.289473684210526,16,0.6112054329371817
465351,Matheus N.,DEF,34,2861,8,6.794117647058823,231.0,0.23529411764705882,7.266689968542468,16,0.5033205173016428
155408,Cook,MID,18,872,7,7.944444444444445,143.0,0.3888888888888889,14.759174311926607,14,1.444954128440367
180804,Tuanzebe,DEF,14,1201,7,9.214285714285714,129.0,0.5,9.666944213155704,14,1.0491257285595337
490094,Iroegbunam,MID,29,1477,7,6.517241379310345,189.0,0.2413793103448276,11.516587677725118,14,0.8530805687203792
490721,H.Bueno,DEF,35,2359,7,5.828571428571428,204.0,0.2,7.782958880881729,14,0.5341246290801187
445122,J.Timber,DEF,30,2452,7,5.933333333333334,178.0,0.23333333333333334,6.533442088091355,14,0.5138662316476346
607464,Kayode,DEF,37,3258,7,7.135135135135135,264.0,0.1891891891891892,7.29281767955801,14,0.38674033149171266
106760,Shaw,DEF,38,3220,7,6.7105263157894735,255.0,0.18421052631578946,7.127329192546584,14,0.391304347826087
109646,Tosin,DEF,16,788,7,6.9375,111.0,0.4375,12.677664974619288,14,1.5989847715736039
491279,Van de Ven,DEF,35,3041,7,7.085714285714285,248.0,0.2,7.339690891154225,14,0.41433738901677075
441266,Gravenberch,MID,36,2991,7,8.277777777777779,298.0,0.19444444444444445,8.966900702106319,14,0.42126379137412234
242882,Diakité,DEF,18,1275,7,8.166666666666666,147.0,0.3888888888888889,10.376470588235295,14,0.9882352941176471
434399,Reinildo,DEF,25,1966,7,7.32,183.0,0.28,8.377416073245168,14,0.6408952187182095
226182,Bogle,DEF,34,2795,7,6.529411764705882,222.0,0.20588235294117646,7.148479427549194,14,0.4508050089445438
449871,Onana,MID,25,1755,7,8.76,219.0,0.28,11.23076923076923,14,0.717948717948718
448104,Hincapie,DEF,25,1787,7,6.84,171.0,0.28,8.612199216564074,14,0.7050923335198658
246301,J.Cuenca,DEF,15,935,7,7.933333333333334,119.0,0.4666666666666667,11.454545454545453,14,1.3475935828877006
465694,N.Gonzalez,MID,25,1561,7,8.24,206.0,0.28,11.87700192184497,14,0.8071748878923767
200785,Adams,MID,25,1769,7,9.28,232.0,0.28,11.80327868852459,14,0.7122668174109666
204580,Janelt,MID,25,1434,7,7.32,183.0,0.28,11.485355648535565,14,0.8786610878661087
461188,Humphreys,DEF,20,1574,6,7.05,141.0,0.3,8.062261753494283,12,0.6861499364675986
494960,Hartman,DEF,21,1825,6,8.238095238095237,173.0,0.2857142857142857,8.531506849315068,12,0.5917808219178082
440993,Ndiaye,MID,32,2781,6,8.84375,283.0,0.1875,9.158576051779935,12,0.3883495145631068
440089,Damsgaard,MID,33,2046,6,7.303030303030303,241.0,0.18181818181818182,10.60117302052786,12,0.5278592375366569
199798,Konsa,DEF,34,3035,6,6.529411764705882,222.0,0.17647058823529413,6.583196046128501,12,0.35584843492586493
231480,S.Bueno,DEF,29,2552,6,7.9655172413793105,231.0,0.20689655172413793,8.14655172413793,12,0.42319749216300945
487838,Hall,DEF,30,2176,6,6.033333333333333,181.0,0.2,7.486213235294118,12,0.4963235294117647
481655,Zubimendi,MID,38,2991,6,7.973684210526316,303.0,0.15789473684210525,9.117352056168505,12,0.3610832497492477
178186,Bowen,FWD,38,3406,6,7.394736842105263,281.0,0.15789473684210525,7.425132119788609,12,0.3170874926600118
550864,Yoro,DEF,32,1730,6,5.5625,178.0,0.1875,9.260115606936417,12,0.6242774566473989
516895,Mainoo,MID,28,1653,6,6.678571428571429,187.0,0.21428571428571427,10.181488203266788,12,0.6533575317604355
172567,Cullen,MID,18,1513,6,9.61111111111111,173.0,0.3333333333333333,10.290812954395243,12,0.713813615333774
179268,Cucurella,DEF,34,2706,6,6.4411764705882355,219.0,0.17647058823529413,7.283813747228382,12,0.3991130820399113
207189,Berge,MID,35,2904,5,8.0,280.0,0.14285714285714285,8.677685950413224,10,0.30991735537190085
225796,James,DEF,29,1957,5,5.758620689655173,167.0,0.1724137931034483,7.68012263668881,10,0.45988758303525806
220627,Justin,DEF,29,1893,5,6.551724137931035,190.0,0.1724137931034483,9.033280507131536,10,0.4754358161648177
243526,Gudmundsson,DEF,32,2637,5,6.84375,219.0,0.15625,7.474402730375426,10,0.341296928327645
149484,Mings,DEF,17,1322,5,7.235294117647059,123.0,0.29411764705882354,8.373676248108927,10,0.680786686838124
209400,Kamada,MID,28,1899,5,7.428571428571429,208.0,0.17857142857142858,9.857819905213269,10,0.4739336492890995
141746,B.Fernandes,MID,35,3065,5,8.2,287.0,0.14285714285714285,8.427406199021206,10,0.2936378466557912
509416,Ayari,MID,29,1921,5,7.758620689655173,225.0,0.1724137931034483,10.541384695471109,10,0.4685059864653826
80801,Gana,MID,25,2094,5,8.72,218.0,0.2,9.369627507163324,10,0.42979942693409745
578153,Khusanov,DEF,21,1427,5,6.285714285714286,132.0,0.23809523809523808,8.325157673440785,10,0.6306937631394534
606745,Heaven,DEF,17,920,5,5.529411764705882,94.0,0.29411764705882354,9.195652173913045,10,0.9782608695652175
547719,L.Miley,MID,23,1493,5,6.739130434782608,155.0,0.21739130434782608,9.343603482920296,10,0.6028131279303416
184349,Sessegnon,MID,27,1816,5,8.074074074074074,218.0,0.18518518518518517,10.80396475770925,10,0.4955947136563877
466075,Calafiori,DEF,26,1697,5,5.423076923076923,141.0,0.19230769230769232,7.4779021803182095,10,0.5303476723629935
215413,Dewsbury-Hall,MID,31,2629,5,7.419354838709677,230.0,0.16129032258064516,7.873716241917078,10,0.34233548877900344
223340,Saka,MID,31,2218,5,5.935483870967742,184.0,0.16129032258064516,7.466185752930568,10,0.40577096483318303
472769,O'Reilly,DEF,34,2643,5,5.705882352941177,194.0,0.14705882352941177,6.606129398410896,10,0.340522133938706
577669,Sadiki,MID,33,2891,4,7.515151515151516,248.0,0.12121212121212122,7.7205119335869945,8,0.24904877205119338
158534,Walker-Peters,DEF,23,1378,4,5.043478260869565,116.0,0.17391304347826086,7.576197387518142,8,0.5224963715529753
244954,Pau,DEF,21,1673,4,6.619047619047619,139.0,0.19047619047619047,7.477585176329947,8,0.4303646144650329
207283,Jensen,MID,36,2239,4,6.111111111111111,220.0,0.1111111111111111,8.84323358642251,8,0.32157213041536403
208706,Bruno G.,MID,29,2456,4,8.482758620689655,246.0,0.13793103448275862,9.014657980456027,8,0.2931596091205212
216051,Dalot,DEF,34,2609,4,5.911764705882353,201.0,0.11764705882352941,6.93369106937524,8,0.2759678037562285
195546,Buendía,MID,36,1753,4,5.444444444444445,196.0,0.1111111111111111,10.062749572162009,8,0.4107244723331432
206915,C.Jones,MID,34,1923,4,6.970588235294118,237.0,0.11764705882352941,11.09204368174727,8,0.374414976599064
243016,Mac Allister,MID,37,2654,4,6.1891891891891895,229.0,0.10810810810810811,7.765636774679729,8,0.2712886209495102
544877,Kerkez,DEF,34,2251,4,4.705882352941177,160.0,0.11764705882352941,6.39715681919147,8,0.3198578409595735
152551,Lerma,MID,31,1722,4,7.096774193548387,220.0,0.12903225806451613,11.498257839721255,8,0.4181184668989547
169528,Robinson,DEF,22,1487,4,6.2272727272727275,137.0,0.18181818181818182,8.291862811028917,8,0.484196368527236
500040,Mosquera,DEF,20,986,4,5.4,108.0,0.2,9.858012170385395,8,0.7302231237322515
167887,Laurent,MID,33,1752,4,5.636363636363637,186.0,0.12121212121212122,9.554794520547945,8,0.4109589041095891
487676,Hume,DEF,38,3032,4,6.052631578947368,230.0,0.10526315789473684,6.827176781002638,8,0.23746701846965698
503714,Ugochukwu,MID,35,2330,4,6.114285714285714,214.0,0.11428571428571428,8.266094420600858,8,0.30901287553648066
535301,Baleba,MID,31,1646,4,6.741935483870968,209.0,0.12903225806451613,11.427703523693804,8,0.4374240583232078
482442,P.M.Sarr,MID,26,1388,4,7.038461538461538,183.0,0.15384615384615385,11.86599423631124,8,0.5187319884726225
493125,Dragusin,DEF,10,515,4,7.5,75.0,0.4,13.106796116504855,8,1.3980582524271845
248056,Tanaka,MID,28,1307,4,5.25,147.0,0.14285714285714285,10.122417750573833,8,0.5508798775822494
432422,Tonali,MID,35,2534,4,7.3428571428571425,257.0,0.11428571428571428,9.127861089187057,8,0.2841357537490134
221820,Martinez,DEF,18,1229,4,5.833333333333333,105.0,0.2222222222222222,7.689178193653377,8,0.5858421480878764
208912,Worrall,DEF,11,496,4,7.0,77.0,0.36363636363636365,13.971774193548388,8,1.4516129032258065
231416,F.Kadıoğlu,DEF,37,3130,4,5.405405405405405,200.0,0.10810810810810811,5.7507987220447285,8,0.23003194888178913
232112,Ugarte,MID,22,876,4,6.454545454545454,142.0,0.18181818181818182,14.589041095890412,8,0.8219178082191781
427637,Aaronson,MID,37,2449,3,5.837837837837838,216.0,0.08108108108108109,7.937933850551245,6,0.22049816251531237
620487,Milosavljević,DEF,7,367,3,6.0,42.0,0.42857142857142855,10.299727520435969,6,1.471389645776567
56979,Henderson,MID,32,1911,3,5.71875,183.0,0.09375,8.618524332810047,6,0.28257456828885397
247955,Geertruida,DEF,28,1681,3,4.607142857142857,129.0,0.10714285714285714,6.906603212373588,6,0.3212373587150506
231065,Pinnock,DEF,4,318,3,11.5,46.0,0.75,13.018867924528303,6,1.6981132075471699
77794,Trippier,DEF,21,1586,3,5.285714285714286,111.0,0.14285714285714285,6.298865069356872,6,0.34047919293820933
480455,Branthwaite,DEF,10,678,3,6.7,67.0,0.3,8.893805309734514,6,0.7964601769911505
159506,Aina,DEF,18,1587,3,8.333333333333334,150.0,0.16666666666666666,8.506616257088847,6,0.3402646502835539
166477,Castagne,DEF,30,1838,3,5.366666666666666,161.0,0.1,7.883569096844397,6,0.29379760609358
523705,Tchatchoua,DEF,31,1834,3,4.258064516129032,132.0,0.0967741935483871,6.4776444929116686,6,0.2944383860414395
551483,A.Jimenez,DEF,31,2315,3,5.193548387096774,161.0,0.0967741935483871,6.259179265658747,6,0.23326133909287258
101178,Ward-Prowse,MID,18,1092,3,6.055555555555555,109.0,0.16666666666666666,8.983516483516484,6,0.4945054945054945
101188,Digne,DEF,31,1842,3,4.419354838709677,137.0,0.0967741935483871,6.6938110749185675,6,0.2931596091205212
596777,Dorgu,DEF,26,1440,3,4.615384615384615,120.0,0.11538461538461539,7.5,6,0.375
111478,Veltman,DEF,24,1047,3,4.625,111.0,0.125,9.541547277936964,6,0.5157593123209169
564940,S.Magassa,MID,22,971,3,5.7727272727272725,127.0,0.13636363636363635,11.771369721936148,6,0.5561277033985581
226944,Kamara,MID,18,1410,3,8.277777777777779,149.0,0.16666666666666666,9.51063829787234,6,0.3829787234042553
232859,Spence,DEF,30,2049,3,4.666666666666667,140.0,0.1,6.149341142020498,6,0.2635431918008785
230001,Mazraoui,DEF,20,977,3,5.3,106.0,0.15,9.764585465711361,6,0.5527123848515865
199796,Cash,DEF,35,3016,3,5.9714285714285715,209.0,0.08571428571428572,6.236737400530504,6,0.17904509283819628
493362,Xavi,MID,28,1747,3,5.321428571428571,149.0,0.10714285714285714,7.676016027475672,6,0.30910131654264456
482609,Gusto,DEF,34,2255,3,4.588235294117647,156.0,0.08823529411764706,6.226164079822616,6,0.23946784922394676
212314,Lukić,MID,26,1730,3,7.038461538461538,183.0,0.11538461538461539,9.520231213872833,6,0.31213872832369943
209244,Foden,MID,33,2078,3,4.848484848484849,160.0,0.09090909090909091,6.929740134744947,6,0.2598652550529355
477424,Gvardiol,DEF,18,1370,3,6.611111111111111,119.0,0.16666666666666666,7.817518248175183,6,0.39416058394160586
201658,Tavernier,MID,34,2732,3,7.382352941176471,251.0,0.08823529411764706,8.268667642752563,6,0.19765739385065886
437730,Semenyo,MID,37,3200,3,6.378378378378378,236.0,0.08108108108108109,6.637499999999999,6,0.16874999999999998
433312,Munetsi,MID,13,872,3,6.153846153846154,80.0,0.23076923076923078,8.256880733944955,6,0.6192660550458716
441302,Maatsen,DEF,30,1590,3,4.666666666666667,140.0,0.1,7.924528301886792,6,0.33962264150943394
165809,Bernardo,MID,38,2869,2,6.894736842105263,262.0,0.05263157894736842,8.218891599860578,4,0.12547926106657373
166989,Tielemans,MID,25,1857,2,8.12,203.0,0.08,9.838449111470114,4,0.1938610662358643
536109,Scarles,DEF,13,656,2,5.769230769230769,75.0,0.15384615384615385,10.289634146341463,4,0.5487804878048781
533463,O.Dango,MID,32,2271,2,5.78125,185.0,0.0625,7.331571994715984,4,0.15852047556142668
532605,Andrey Santos,MID,27,1247,2,4.777777777777778,129.0,0.07407407407407407,9.310344827586206,4,0.28869286287089013
97299,Stones,DEF,9,436,2,5.111111111111111,46.0,0.2222222222222222,9.495412844036698,4,0.8256880733944955
87835,Doherty,DEF,11,786,2,7.0,77.0,0.18181818181818182,8.816793893129772,4,0.45801526717557256
184341,Mount,MID,23,1010,2,4.434782608695652,102.0,0.08695652173913043,9.08910891089109,4,0.3564356435643565
180135,Longstaff,MID,23,1003,2,4.782608695652174,110.0,0.08695652173913043,9.870388833499502,4,0.3589232303090728
514254,Gomez,MID,32,2117,2,7.4375,238.0,0.0625,10.11809163911195,4,0.17005196032120926
466052,Cherki,MID,33,1772,2,4.090909090909091,135.0,0.06060606060606061,6.856659142212189,4,0.20316027088036115
204120,Boscagli,DEF,12,799,2,6.5,78.0,0.16666666666666666,8.78598247809762,4,0.4505632040050062
465527,Hannibal,MID,27,1219,2,4.111111111111111,111.0,0.07407407407407407,8.19524200164069,4,0.29532403609515995
448047,Enzo,MID,36,3114,2,6.777777777777778,244.0,0.05555555555555555,7.052023121387283,4,0.11560693641618497
448514,Aït-Nouri,DEF,17,971,2,4.411764705882353,75.0,0.11764705882352941,6.951596292481977,4,0.3707518022657054
460028,Colwill,DEF,3,225,2,7.333333333333333,22.0,0.6666666666666666,8.8,4,1.6
215439,Souček,MID,35,2190,2,6.2,217.0,0.05714285714285714,8.917808219178083,4,0.16438356164383564
206325,Zinchenko,DEF,5,352,2,7.2,36.0,0.4,9.204545454545455,4,1.0227272727272727
465730,De Cuyper,DEF,30,1404,2,2.933333333333333,88.0,0.06666666666666667,5.641025641025641,4,0.25641025641025644
227127,Bissouma,MID,11,600,2,6.7272727272727275,74.0,0.18181818181818182,11.1,4,0.6
224024,L.Paquetá,MID,18,1513,2,8.11111111111111,146.0,0.1111111111111111,8.68473231989425,4,0.23793787177792466
433154,McNeil,MID,22,1161,2,5.045454545454546,111.0,0.09090909090909091,8.604651162790697,4,0.31007751937984496
232653,J.Ramsey,MID,28,1441,2,5.321428571428571,149.0,0.07142857142857142,9.306037473976405,4,0.24982650936849407
232787,Gallagher,MID,16,1183,2,7.75,124.0,0.125,9.433643279797126,4,0.3043110735418428
230376,J.Arias,MID,23,1117,2,5.434782608695652,125.0,0.08695652173913043,10.071620411817367,4,0.3222918531781558
249231,Lewis-Potter,DEF,36,1960,2,2.5833333333333335,93.0,0.05555555555555555,4.270408163265306,4,0.18367346938775508
243571,Patterson,DEF,7,238,2,4.428571428571429,31.0,0.2857142857142857,11.722689075630253,4,1.5126050420168067
244851,Palmer,MID,26,1954,2,5.1923076923076925,135.0,0.07692307692307693,6.218014329580348,4,0.18423746161719548
60307,Groß,MID,19,1636,2,7.526315789473684,143.0,0.10526315789473684,7.866748166259169,4,0.22004889975550124
440323,Broja,FWD,24,843,1,1.8333333333333333,44.0,0.041666666666666664,4.697508896797153,2,0.21352313167259784
250199,Dominguez,MID,27,1168,1,5.296296296296297,143.0,0.037037037037037035,11.018835616438356,2,0.1541095890410959
486520,Gruev,MID,23,1318,1,4.956521739130435,114.0,0.043478260869565216,7.784522003034902,2,0.13657056145675267
220362,Disasi,DEF,14,1254,1,5.5,77.0,0.07142857142857142,5.526315789473684,2,0.14354066985645933
219924,Diop,DEF,13,812,1,5.230769230769231,68.0,0.07692307692307693,7.536945812807882,2,0.22167487684729065
461195,Cirkin,DEF,8,319,1,3.5,28.0,0.125,7.899686520376176,2,0.5642633228840126
483081,R.Gomes,DEF,22,954,1,2.6818181818181817,59.0,0.045454545454545456,5.566037735849057,2,0.18867924528301888
444180,Anthony,MID,37,2717,1,6.27027027027027,232.0,0.02702702702702703,7.684946632315053,2,0.06624953993375046
450070,Summerville,MID,31,2470,1,6.935483870967742,215.0,0.03225806451612903,7.8340080971659924,2,0.07287449392712551
244850,Rogers,MID,37,3280,1,6.216216216216216,230.0,0.02702702702702703,6.310975609756098,2,0.054878048780487805
210494,N.Aguerd,DEF,2,180,1,11.5,23.0,0.5,11.5,2,1.0
242880,B.Badiashile,DEF,8,470,1,6.375,51.0,0.125,9.76595744680851,2,0.3829787234042553
243298,Gakpo,MID,36,2736,1,4.222222222222222,152.0,0.027777777777777776,5.0,2,0.06578947368421052
441271,Hoever,DEF,8,423,1,5.75,46.0,0.125,9.787234042553191,2,0.425531914893617
477064,Lewis,DEF,11,401,1,2.1818181818181817,24.0,0.09090909090909091,5.386533665835412,2,0.44887780548628425
441191,Livramento,DEF,17,1326,1,5.647058823529412,96.0,0.058823529411764705,6.515837104072398,2,0.13574660633484165
223434,Igor,DEF,4,103,1,3.25,13.0,0.25,11.359223300970875,2,1.7475728155339807
204968,Yates,MID,22,602,1,3.1363636363636362,69.0,0.045454545454545456,10.315614617940199,2,0.29900332225913623
647671,Mané,FWD,27,1787,1,5.074074074074074,137.0,0.037037037037037035,6.899832120872972,2,0.10072747621712368
198869,White,DEF,12,699,1,4.416666666666667,53.0,0.08333333333333333,6.824034334763948,2,0.2575107296137339
472713,Hickey,DEF,21,679,1,2.761904761904762,58.0,0.047619047619047616,7.687776141384389,2,0.2650957290132548
437738,Bornauw,DEF,12,429,1,4.083333333333333,49.0,0.08333333333333333,10.27972027972028,2,0.4195804195804196
433036,Reijnders,MID,28,1623,1,3.5714285714285716,100.0,0.03571428571428571,5.5452865064695,2,0.11090573012939
184029,Ødegaard,MID,24,1363,1,4.25,102.0,0.041666666666666664,6.735143066764491,2,0.13206162876008803
488024,Yeremy,MID,34,2074,1,4.911764705882353,167.0,0.029411764705882353,7.246865959498553,2,0.08678881388621022
430871,Cunha,MID,33,2493,1,6.393939393939394,211.0,0.030303030303030304,7.617328519855596,2,0.07220216606498195
122806,McGinn,MID,30,2136,1,5.0,150.0,0.03333333333333333,6.320224719101123,2,0.08426966292134831
469272,Tchaouna,MID,29,1259,1,2.3793103448275863,69.0,0.034482758620689655,4.932486100079428,2,0.14297061159650518
463067,Georginio,MID,32,1776,1,4.09375,131.0,0.03125,6.638513513513513,2,0.10135135135135134
487053,Udogie,DEF,20,1335,1,4.45,89.0,0.05,6.0,2,0.1348314606741573
222531,Gibbs-White,MID,37,3101,1,4.8108108108108105,178.0,0.02702702702702703,5.166075459529184,2,0.058045791680103195
492777,Bradley,DEF,15,928,1,5.466666666666667,82.0,0.06666666666666667,7.952586206896552,2,0.1939655172413793
490142,Potts,MID,22,1162,1,5.409090909090909,119.0,0.045454545454545456,9.216867469879517,2,0.1549053356282272
489888,Adli,MID,31,1074,1,3.967741935483871,123.0,0.03225806451612903,10.307262569832401,2,0.16759776536312848
489706,Devenny,MID,21,785,1,3.4285714285714284,72.0,0.047619047619047616,8.254777070063694,2,0.22929936305732487
167512,O'Nien,DEF,12,565,1,3.5833333333333335,43.0,0.08333333333333333,6.849557522123894,2,0.3185840707964602
496661,Dibling,MID,14,349,1,2.857142857142857,40.0,0.07142857142857142,10.315186246418339,2,0.5157593123209169
494595,Wirtz,MID,33,2374,1,5.333333333333333,176.0,0.030303030303030304,6.672283066554339,2,0.07582139848357203
494307,Alleyne,DEF,2,135,1,5.5,11.0,0.5,7.333333333333333,2,1.3333333333333333
153133,Iwobi,MID,29,2420,1,6.482758620689655,188.0,0.034482758620689655,6.991735537190083,2,0.0743801652892562
126184,Aké,DEF,18,686,1,2.7222222222222223,49.0,0.05555555555555555,6.428571428571429,2,0.2623906705539359
503301,Hutchinson,MID,31,1676,1,4.161290322580645,129.0,0.03225806451612903,6.927207637231503,2,0.10739856801909307
502500,Thiago,FWD,38,3282,1,5.631578947368421,214.0,0.02631578947368421,5.868372943327239,2,0.054844606946983544
500151,Savona,DEF,14,1025,1,4.928571428571429,69.0,0.07142857142857142,6.058536585365854,2,0.17560975609756097
519634,Seelt,DEF,2,133,1,9.0,18.0,0.5,12.180451127819548,2,1.3533834586466165
515621,Chadi Riad,DEF,9,550,1,5.0,45.0,0.1111111111111111,7.363636363636364,2,0.32727272727272727
515597,Bogarde,DEF,28,1042,1,2.4642857142857144,69.0,0.03571428571428571,5.959692898272553,2,0.1727447216890595
513466,Röhl,MID,16,675,1,4.25,68.0,0.0625,9.066666666666666,2,0.26666666666666666
158499,Christie,MID,26,978,1,4.730769230769231,123.0,0.038461538461538464,11.319018404907975,2,0.18404907975460122
153682,Wilson,MID,36,2674,1,4.916666666666667,177.0,0.027777777777777776,5.957367240089753,2,0.06731488406881077
549329,Lucas Pires,DEF,20,1405,1,4.65,93.0,0.05,5.957295373665481,2,0.12811387900355872
532529,Hinshelwood,MID,27,1736,1,4.222222222222222,114.0,0.037037037037037035,5.910138248847926,2,0.10368663594470047
551210,Hato,DEF,22,1139,1,4.7272727272727275,104.0,0.045454545454545456,8.217734855136085,2,0.15803336259877085
550090,Coppola,DEF,5,193,1,3.8,19.0,0.2,8.860103626943005,2,0.9326424870466321
575458,Jair Cunha,DEF,9,514,1,5.333333333333333,48.0,0.1111111111111111,8.40466926070039,2,0.35019455252918286
570526,Bergvall,MID,23,955,1,3.4347826086956523,79.0,0.043478260869565216,7.445026178010472,2,0.18848167539267016
88894,Barkley,MID,21,844,1,3.5238095238095237,74.0,0.047619047619047616,7.890995260663507,2,0.21327014218009477
592031,Minteh,MID,34,2389,1,5.4411764705882355,185.0,0.029411764705882353,6.969443281707828,2,0.07534533277521976
577016,Acheampong,DEF,17,657,1,3.2941176470588234,56.0,0.058823529411764705,7.671232876712329,2,0.273972602739726
609873,Armstrong,MID,13,524,1,3.8461538461538463,50.0,0.07692307692307693,8.587786259541986,2,0.3435114503816794
248857,Madueke,MID,26,1205,0,2.6923076923076925,70.0,0.0,5.228215767634855,0,0.0
247693,Kolo Muani,FWD,30,1655,0,3.8,114.0,0.0,6.199395770392749,0,0.0
44699,Barnes,FWD,7,40,0,0.2857142857142857,2.0,0.0,4.5,0,0.0
247632,Neto,MID,34,2629,0,3.588235294117647,122.0,0.0,4.176492963103842,0,0.0
247412,Strand Larsen,FWD,36,2301,0,2.638888888888889,95.0,0.0,3.7157757496740547,0,0.0
244858,Carvalho,MID,6,100,0,1.3333333333333333,8.0,0.0,7.199999999999999,0,0.0
244042,Muniz,FWD,21,987,0,2.4761904761904763,52.0,0.0,4.741641337386018,0,0.0
229384,Irving,MID,7,156,0,3.142857142857143,22.0,0.0,12.692307692307692,0,0.0
224117,Gyökeres,FWD,36,2217,0,2.361111111111111,85.0,0.0,3.4506089309878214,0,0.0
223541,Chiesa,MID,26,317,0,1.1538461538461537,30.0,0.0,8.517350157728707,0,0.0
223336,Neil,MID,3,13,0,0.6666666666666666,2.0,0.0,13.846153846153847,0,0.0
437505,Isidor,FWD,32,1148,0,1.59375,51.0,0.0,3.998257839721254,0,0.0
435997,Okafor,MID,28,1553,0,4.035714285714286,113.0,0.0,6.548615582743078,0,0.0
435973,Foster,FWD,26,1361,0,3.269230769230769,85.0,0.0,5.620867009551801,0,0.0
432714,McAtee,MID,14,288,0,2.2857142857142856,32.0,0.0,10.0,0,0.0
431639,Flemming,FWD,29,1764,0,3.413793103448276,99.0,0.0,5.051020408163265,0,0.0
429414,Kalajdžić,FWD,1,14,0,2.0,2.0,0.0,12.857142857142858,0,0.0
232826,Gordon,MID,26,1798,0,3.5,91.0,0.0,4.5550611790878754,0,0.0
232413,Eze,MID,33,1885,0,3.6363636363636362,120.0,0.0,5.729442970822282,0,0.0
232185,Sarr,MID,28,2173,0,4.892857142857143,137.0,0.0,5.674183156925909,0,0.0
221399,Harrison,MID,11,262,0,2.1818181818181817,24.0,0.0,8.244274809160306,0,0.0
219847,Havertz,FWD,12,577,0,2.6666666666666665,32.0,0.0,4.991334488734835,0,0.0
219249,O'Riley,MID,6,202,0,1.6666666666666667,10.0,0.0,4.455445544554456,0,0.0
444145,Martinelli,MID,30,1065,0,2.566666666666667,77.0,0.0,6.507042253521126,0,0.0
444102,Evanilson,FWD,36,2741,0,3.75,135.0,0.0,4.432688799708136,0,0.0
441264,Brobbey,FWD,31,1920,0,2.3870967741935485,74.0,0.0,3.46875,0,0.0
247670,Taty,FWD,18,1384,0,3.888888888888889,70.0,0.0,4.5520231213872835,0,0.0
438234,Marmoush,MID,21,691,0,1.8571428571428572,39.0,0.0,5.07959479015919,0,0.0
437748,Trésor,MID,6,37,0,0.8333333333333334,5.0,0.0,12.162162162162163,0,0.0
218328,Chukwueze,MID,23,1067,0,3.5217391304347827,81.0,0.0,6.83223992502343,0,0.0
216646,Wissa,FWD,19,517,0,1.1578947368421053,22.0,0.0,3.8297872340425534,0,0.0
216094,Frimpong,DEF,21,1032,0,1.5714285714285714,33.0,0.0,2.877906976744186,0,0.0
215711,Bailey,MID,13,450,0,3.6923076923076925,48.0,0.0,9.6,0,0.0
212319,Richarlison,FWD,32,1954,0,4.59375,147.0,0.0,6.770726714431934,0,0.0
458249,Zirkzee,FWD,24,607,0,1.8333333333333333,44.0,0.0,6.523887973640857,0,0.0
456512,Ndoye,MID,24,1167,0,4.0,96.0,0.0,7.403598971722365,0,0.0
451340,Mitoma,MID,25,1714,0,4.28,107.0,0.0,5.618436406067678,0,0.0
450539,Peart-Harris,MID,1,1,0,0.0,0.0,0.0,0.0,0,0.0
449434,Elanga,MID,32,1302,0,1.71875,55.0,0.0,3.80184331797235,0,0.0
446008,Mbeumo,MID,33,2611,0,4.212121212121212,139.0,0.0,4.791267713519724,0,0.0
444884,Elliott,MID,5,110,0,1.2,6.0,0.0,4.909090909090908,0,0.0
223094,Haaland,FWD,35,2953,0,2.9714285714285715,104.0,0.0,3.1696579749407383,0,0.0
222690,Malacia,DEF,3,15,0,1.3333333333333333,4.0,0.0,24.0,0,0.0
222683,Kluivert,MID,20,945,0,3.25,65.0,0.0,6.190476190476191,0,0.0
201666,Barnes,MID,37,1951,0,2.7027027027027026,100.0,0.0,4.613018964633522,0,0.0
465680,Kalimuendo,FWD,9,89,0,0.6666666666666666,6.0,0.0,6.067415730337078,0,0.0
463936,Gittens,MID,16,486,0,1.8125,29.0,0.0,5.37037037037037,0,0.0
463034,Delap,FWD,28,1092,0,1.5,42.0,0.0,3.4615384615384617,0,0.0
461199,Mundle,MID,14,399,0,2.357142857142857,33.0,0.0,7.443609022556391,0,0.0
460842,Kudus,MID,19,1535,0,7.0,133.0,0.0,7.798045602605862,0,0.0
210156,Awoniyi,FWD,17,480,0,1.5294117647058822,26.0,0.0,4.875,0,0.0
209289,Smith Rowe,MID,37,1909,0,4.0,148.0,0.0,6.977475117862755,0,0.0
209243,Sancho,MID,23,863,0,1.9130434782608696,44.0,0.0,4.58864426419467,0,0.0
209046,Hudson-Odoi,MID,30,1838,0,3.533333333333333,106.0,0.0,5.190424374319913,0,0.0
209041,Angel,MID,12,457,0,2.5833333333333335,31.0,0.0,6.105032822757112,0,0.0
219168,Isak,FWD,14,694,0,2.142857142857143,30.0,0.0,3.8904899135446684,0,0.0
195384,Merino,MID,22,1024,0,5.136363636363637,113.0,0.0,9.931640625,0,0.0
194010,Henry,DEF,25,1322,0,3.12,78.0,0.0,5.310136157337368,0,0.0
184754,Hee Chan,MID,26,1439,0,3.6923076923076925,96.0,0.0,6.004169562195969,0,0.0
184667,Lindelöf,DEF,17,942,0,3.176470588235294,54.0,0.0,5.159235668789809,0,0.0
476887,Bakwa,MID,14,549,0,2.5,35.0,0.0,5.7377049180327875,0,0.0
475168,João Pedro,FWD,35,2658,0,3.857142857142857,135.0,0.0,4.571106094808126,0,0.0
470315,Netz,DEF,7,353,0,3.142857142857143,22.0,0.0,5.609065155807365,0,0.0
470313,Woltemade,FWD,33,1896,0,3.1818181818181817,105.0,0.0,4.984177215189874,0,0.0
469130,Lucca,FWD,4,126,0,1.75,7.0,0.0,5.0,0,0.0
205651,G.Jesus,FWD,14,418,0,2.142857142857143,30.0,0.0,6.45933014354067,0,0.0
205533,Nketiah,FWD,12,414,0,3.1666666666666665,38.0,0.0,8.260869565217392,0,0.0
204646,Malen,MID,21,640,0,0.7619047619047619,16.0,0.0,2.25,0,0.0
488213,Tolu,FWD,33,1402,0,2.515151515151515,83.0,0.0,5.328102710413694,0,0.0
486385,Beto,FWD,37,1551,0,2.4054054054054053,89.0,0.0,5.164410058027079,0,0.0
485711,Šeško,FWD,30,1630,0,2.1333333333333333,64.0,0.0,3.5337423312883436,0,0.0
485337,Guessand,MID,21,909,0,3.9523809523809526,83.0,0.0,8.217821782178218,0,0.0
482973,Igor Jesus,FWD,37,2293,0,3.324324324324324,123.0,0.0,4.827736589620584,0,0.0
477555,Bobb,MID,23,1030,0,3.3043478260869565,76.0,0.0,6.640776699029126,0,0.0
200641,Nelson,MID,10,118,0,2.3,23.0,0.0,17.54237288135593,0,0.0
200617,James,MID,19,547,0,1.8421052631578947,35.0,0.0,5.7586837294332724,0,0.0
200089,Willock,MID,24,972,0,3.7083333333333335,89.0,0.0,8.24074074074074,0,0.0
199670,Édouard,FWD,1,2,0,1.0,1.0,0.0,45.0,0,0.0
197024,G.Rodriguez,MID,6,175,0,2.5,15.0,0.0,7.714285714285714,0,0.0
183656,Dasilva,MID,2,2,0,0.5,1.0,0.0,45.0,0,0.0
218364,Sosa,DEF,7,99,0,1.4285714285714286,10.0,0.0,9.09090909090909,0,0.0
178301,Watkins,FWD,37,2833,0,2.5405405405405403,94.0,0.0,2.986233674549947,0,0.0
177815,Calvert-Lewin,FWD,35,2721,0,3.0,105.0,0.0,3.4729878721058434,0,0.0
174594,Nmecha,FWD,31,1065,0,1.8387096774193548,57.0,0.0,4.816901408450704,0,0.0
174592,Edwards,MID,23,1058,0,2.9130434782608696,67.0,0.0,5.699432892249527,0,0.0
173879,Abraham,FWD,12,278,0,1.0833333333333333,13.0,0.0,4.2086330935251794,0,0.0
492831,Amdouni,FWD,4,69,0,0.25,1.0,0.0,1.3043478260869565,0,0.0
50175,Welbeck,FWD,37,2249,0,3.027027027027027,112.0,0.0,4.481991996442864,0,0.0
491007,D.Essugo,MID,3,26,0,2.6666666666666665,8.0,0.0,27.692307692307693,0,0.0
490885,Earthy,MID,1,8,0,0.0,0.0,0.0,0.0,0,0.0
490145,Scarlett,FWD,2,7,0,0.5,1.0,0.0,12.857142857142858,0,0.0
54469,Smith,DEF,22,1073,0,3.3181818181818183,73.0,0.0,6.123019571295433,0,0.0
57328,Clyne,DEF,10,592,0,5.0,50.0,0.0,7.601351351351352,0,0.0
59949,Coleman,DEF,5,19,0,0.4,2.0,0.0,9.473684210526315,0,0.0
171287,Gomez,DEF,21,594,0,2.1904761904761907,46.0,0.0,6.96969696969697,0,0.0
168636,Enes Ünal,FWD,23,214,0,1.0,23.0,0.0,9.672897196261681,0,0.0
60689,Wood,FWD,15,896,0,1.9333333333333333,29.0,0.0,2.9129464285714284,0,0.0
159533,Adama,MID,24,376,0,0.75,18.0,0.0,4.308510638297872,0,0.0
158983,Endo,MID,8,170,0,2.875,23.0,0.0,12.176470588235295,0,0.0
499175,Nwaneri,MID,6,165,0,2.1666666666666665,13.0,0.0,7.090909090909091,0,0.0
499169,Lewis-Skelly,DEF,20,697,0,1.6,32.0,0.0,4.131994261119082,0,0.0
497949,Møller Wolfe,DEF,22,1042,0,2.5,55.0,0.0,4.750479846449136,0,0.0
497606,Chirewa,MID,2,25,0,2.0,4.0,0.0,14.399999999999999,0,0.0
75115,Wilson,FWD,32,1234,0,1.28125,41.0,0.0,2.990275526742302,0,0.0
496208,Gannon-Doak,MID,8,105,0,1.625,13.0,0.0,11.142857142857142,0,0.0
76357,Cairney,MID,24,756,0,2.5416666666666665,61.0,0.0,7.261904761904762,0,0.0
619734,Derry,MID,1,45,0,3.0,3.0,0.0,6.0,0,0.0
493250,Amad,MID,32,2339,0,6.1875,198.0,0.0,7.61864044463446,0,0.0
493105,Garnacho,MID,24,1261,0,2.9583333333333335,71.0,0.0,5.067406819984139,0,0.0
492859,Gnonto,MID,23,521,0,2.5652173913043477,59.0,0.0,10.191938579654511,0,0.0
153366,Reed,MID,7,89,0,0.8571428571428571,6.0,0.0,6.067415730337078,0,0.0
576628,Lacey,MID,3,40,0,1.0,3.0,0.0,6.75,0,0.0
128295,Nørgaard,MID,7,101,0,2.2857142857142856,16.0,0.0,14.257425742574258,0,0.0
699989,Jocelin.T,MID,1,38,0,3.0,3.0,0.0,7.105263157894737,0,0.0
124165,Roberts,MID,1,27,0,1.0,1.0,0.0,3.3333333333333335,0,0.0
179458,Bruun Larsen,MID,28,1014,0,2.25,63.0,0.0,5.59171597633136,0,0.0
510281,Savinho,MID,24,817,0,2.4583333333333335,59.0,0.0,6.499388004895961,0,0.0
235826,Piroe,FWD,16,244,0,0.875,14.0,0.0,5.163934426229508,0,0.0
502697,Alcaraz,MID,20,679,0,3.45,69.0,0.0,9.14580265095729,0,0.0
685628,Abbey,MID,1,16,0,2.0,2.0,0.0,11.25,0,0.0
672492,Drakes-Thomas,MID,2,7,0,1.5,3.0,0.0,38.57142857142857,0,0.0
499726,Olusesi,MID,1,14,0,2.0,2.0,0.0,12.857142857142858,0,0.0
499716,Rowswell,DEF,1,1,0,0.0,0.0,0.0,0.0,0,0.0
499604,Rayan,MID,15,1110,0,5.466666666666667,82.0,0.0,6.648648648648648,0,0.0
499309,Marc Guiu,FWD,10,265,0,0.8,8.0,0.0,2.7169811320754715,0,0.0
172780,Maddison,MID,3,34,0,1.6666666666666667,5.0,0.0,13.23529411764706,0,0.0
519913,Fletcher,MID,2,17,0,1.0,2.0,0.0,10.588235294117647,0,0.0
519895,Sonne,DEF,7,164,0,1.4285714285714286,10.0,0.0,5.487804878048781,0,0.0
660392,Uche,FWD,14,159,0,0.9285714285714286,13.0,0.0,7.358490566037736,0,0.0
653481,Alysson,MID,3,47,0,1.3333333333333333,4.0,0.0,7.659574468085106,0,0.0
647850,Kostoulas,FWD,21,351,0,1.9523809523809523,41.0,0.0,10.512820512820513,0,0.0
514356,Lavia,MID,12,374,0,3.0833333333333335,37.0,0.0,8.90374331550802,0,0.0
645618,Burrowes,MID,1,16,0,1.0,1.0,0.0,5.625,0,0.0
513433,Gruda,MID,18,708,0,3.2222222222222223,58.0,0.0,7.372881355932204,0,0.0
513418,Schade,MID,35,2744,0,5.428571428571429,190.0,0.0,6.231778425655977,0,0.0
511499,Tel,MID,31,1334,0,3.5806451612903225,111.0,0.0,7.488755622188905,0,0.0
510663,Ekitiké,FWD,28,1797,0,3.0357142857142856,85.0,0.0,4.2570951585976635,0,0.0
510500,Jota,MID,1,11,0,3.0,3.0,0.0,24.545454545454547,0,0.0
643135,Fer López,MID,9,228,0,1.3333333333333333,12.0,0.0,4.736842105263158,0,0.0
155511,Armstrong,FWD,14,1141,0,2.642857142857143,37.0,0.0,2.918492550394391,0,0.0
154566,Solanke,FWD,15,997,0,4.733333333333333,71.0,0.0,6.4092276830491475,0,0.0
641221,Pedro Lima,DEF,9,257,0,2.111111111111111,19.0,0.0,6.653696498054474,0,0.0
640419,Byfield,DEF,1,1,0,0.0,0.0,0.0,0.0,0,0.0
549074,Watson,MID,6,57,0,0.8333333333333334,5.0,0.0,7.894736842105264,0,0.0
549067,Abbott,DEF,3,165,0,4.333333333333333,13.0,0.0,7.090909090909091,0,0.0
547701,Gray,MID,24,1471,0,5.5,132.0,0.0,8.076138681169272,0,0.0
547676,Fredricson,DEF,1,2,0,2.0,2.0,0.0,90.0,0,0.0
547037,J.Fletcher,MID,3,107,0,3.6666666666666665,11.0,0.0,9.25233644859813,0,0.0
547027,Diarra,MID,20,1403,0,3.95,79.0,0.0,5.067712045616536,0,0.0
545477,A.Murphy,DEF,2,7,0,2.0,4.0,0.0,51.42857142857143,0,0.0
543295,Milambo,MID,1,45,0,4.0,4.0,0.0,8.0,0,0.0
538207,Osula,FWD,24,805,0,1.2916666666666667,31.0,0.0,3.4658385093167703,0,0.0
536916,Buonanotte,MID,4,81,0,1.5,6.0,0.0,6.666666666666666,0,0.0
536661,Angulo,MID,8,401,0,4.375,35.0,0.0,7.855361596009975,0,0.0
535818,Adingra,MID,14,649,0,3.2142857142857144,45.0,0.0,6.240369799691833,0,0.0
631786,Kusi-Asare,FWD,7,49,0,0.7142857142857143,5.0,0.0,9.183673469387756,0,0.0
530335,Pablo,FWD,14,819,0,5.142857142857143,72.0,0.0,7.912087912087912,0,0.0
530318,Rodney,MID,1,3,0,0.0,0.0,0.0,0.0,0,0.0
116216,Trossard,MID,31,1997,0,4.290322580645161,133.0,0.0,5.993990986479719,0,0.0
115556,Davies,DEF,3,136,0,4.666666666666667,14.0,0.0,9.264705882352942,0,0.0
114283,Grealish,MID,20,1627,0,6.75,135.0,0.0,7.467732022126612,0,0.0
114243,J.Murphy,MID,33,1606,0,2.727272727272727,90.0,0.0,5.043586550435865,0,0.0
113564,Byram,DEF,2,8,0,1.5,3.0,0.0,33.75,0,0.0
111773,Krafth,DEF,1,45,0,1.0,1.0,0.0,2.0,0,0.0
111317,Brooks,MID,31,1188,0,3.032258064516129,94.0,0.0,7.121212121212122,0,0.0
110504,Traoré,MID,12,634,0,3.3333333333333335,40.0,0.0,5.678233438485805,0,0.0
109345,March,MID,4,38,0,1.25,5.0,0.0,11.842105263157896,0,0.0
108413,Hughes,MID,31,1560,0,4.774193548387097,148.0,0.0,8.538461538461538,0,0.0
630699,Mohamadou Kanté,MID,11,67,0,1.3636363636363635,15.0,0.0,20.149253731343283,0,0.0
551206,Banel,MID,1,9,0,0.0,0.0,0.0,0.0,0,0.0
550839,Odobert,MID,24,972,0,3.2083333333333335,77.0,0.0,7.129629629629629,0,0.0
550615,George,MID,15,351,0,1.5333333333333334,23.0,0.0,5.897435897435898,0,0.0
102057,Raúl,FWD,36,2183,0,3.6666666666666665,132.0,0.0,5.442052221713238,0,0.0
549912,Talbi,MID,28,1553,0,3.2857142857142856,92.0,0.0,5.331616226658081,0,0.0
576620,Bendito Mantato,MID,1,15,0,0.0,0.0,0.0,0.0,0,0.0
575901,Soler,DEF,3,34,0,0.3333333333333333,1.0,0.0,2.6470588235294117,0,0.0
231747,Mateta,FWD,32,2210,0,3.90625,125.0,0.0,5.090497737556561,0,0.0
574458,M.Sarr,DEF,3,100,0,2.6666666666666665,8.0,0.0,7.199999999999999,0,0.0
231057,Bellegarde,MID,26,1239,0,4.038461538461538,105.0,0.0,7.627118644067796,0,0.0
567121,Knight,MID,1,1,0,0.0,0.0,0.0,0.0,0,0.0
567119,Mheuka,FWD,1,1,0,1.0,1.0,0.0,90.0,0,0.0
565431,Marshall,FWD,2,58,0,1.5,3.0,0.0,4.655172413793103,0,0.0
564406,Mayenda,FWD,20,751,0,1.3,26.0,0.0,3.1158455392809583,0,0.0
560552,Kevin,MID,26,1030,0,3.3076923076923075,86.0,0.0,7.514563106796117,0,0.0
560262,Kroupi.Jr,FWD,33,1663,0,3.3636363636363638,111.0,0.0,6.007215874924834,0,0.0
559962,Jimoh-Aloba,MID,1,8,0,1.0,1.0,0.0,11.25,0,0.0
556637,Oriola,MID,1,1,0,0.0,0.0,0.0,0.0,0,0.0
554197,Rigg,MID,18,758,0,3.1666666666666665,57.0,0.0,6.767810026385224,0,0.0
122798,Robertson,DEF,24,1165,0,2.75,66.0,0.0,5.098712446351931,0,0.0
118748,M.Salah,MID,27,2144,0,4.037037037037037,109.0,0.0,4.575559701492537,0,0.0
242898,Johnson,MID,34,1710,0,3.5588235294117645,121.0,0.0,6.368421052631579,0,0.0
91889,Füllkrug,FWD,8,407,0,2.375,19.0,0.0,4.201474201474202,0,0.0
91651,Kovačić,MID,6,125,0,3.0,18.0,0.0,12.96,0,0.0
230046,Douglas Luiz,MID,21,913,0,5.0,105.0,0.0,10.350492880613363,0,0.0
596054,Edozie,MID,3,12,0,0.3333333333333333,1.0,0.0,7.5,0,0.0
593174,Furo,FWD,1,1,0,0.0,0.0,0.0,0.0,0,0.0
428580,Onyeka,MID,6,88,0,1.6666666666666667,10.0,0.0,10.227272727272728,0,0.0
591386,Nyoni,MID,6,21,0,1.0,6.0,0.0,25.714285714285715,0,0.0
590039,Mukasa,MID,2,25,0,0.5,1.0,0.0,3.5999999999999996,0,0.0
590014,Cardines,MID,1,90,0,7.0,7.0,0.0,7.0,0,0.0
586309,Barry,FWD,38,1898,0,1.9473684210526316,74.0,0.0,3.5089567966280297,0,0.0
577725,King,MID,32,1290,0,3.34375,107.0,0.0,7.465116279069767,0,0.0
577285,George Hemmings,MID,2,25,0,0.5,1.0,0.0,3.5999999999999996,0,0.0
577114,L.Guilherme,MID,5,121,0,2.2,11.0,0.0,8.181818181818182,0,0.0
424044,H.Traorè,MID,1,16,0,4.0,4.0,0.0,22.5,0,0.0
624773,Estêvão,MID,22,839,0,2.5454545454545454,56.0,0.0,6.00715137067938,0,0.0
101148,Lascelles,DEF,2,19,0,2.5,5.0,0.0,23.68421052631579,0,0.0
616221,Souza,DEF,4,142,0,1.5,6.0,0.0,3.802816901408451,0,0.0
616077,Dowman,MID,6,152,0,2.6666666666666665,16.0,0.0,9.473684210526315,0,0.0
614574,Tóth.A,MID,9,135,0,1.7777777777777777,16.0,0.0,10.666666666666666,0,0.0
611922,Ngumoha,MID,19,547,0,1.5789473684210527,30.0,0.0,4.93601462522852,0,0.0
248875,Doku,MID,30,1773,0,4.2,126.0,0.0,6.395939086294416,0,0.0
608181,Tzimas,FWD,9,132,0,1.6666666666666667,15.0,0.0,10.227272727272728,0,0.0
606921,Esse,MID,4,40,0,1.25,5.0,0.0,11.25,0,0.0
606798,A.García,DEF,6,83,0,1.6666666666666667,10.0,0.0,10.843373493975903,0,0.0
606775,Winterburn,MID,1,6,0,0.0,0.0,0.0,0.0,0,0.0
606689,Donovan,MID,4,38,0,1.25,5.0,0.0,11.842105263157896,0,0.0
602903,Mayers,DEF,6,113,0,0.8333333333333334,5.0,0.0,3.982300884955752,0,0.0
599303,Neave,FWD,1,13,0,0.0,0.0,0.0,0.0,0,0.0
597320,Howell,MID,3,92,0,2.3333333333333335,7.0,0.0,6.847826086956522,0,0.0
105717,Masuaku,DEF,3,125,0,4.333333333333333,13.0,0.0,9.360000000000001,0,0.0
15157,Milner,MID,20,772,0,4.0,80.0,0.0,9.326424870466322,0,0.0
