,1,2,3,4,5,6,7,8,9,10,11,12,13,14,15,16,17,18,19,20,21,22,23,24,25,26,27,28,29,30,31,32,33,34,35,36,37,38
ARS,COV(h),AVL(a),CHE(h),SUN(a),BHA(a),LEE(h),NFO(a),EVE(h),LIV(a),HUL(h),NEW(a),MCI(h),BRE(a),TOT(a),BOU(h),MUN(h),CRY(a),FUL(a),IPS(h),BRE(h),HUL(a),NEW(h),MCI(a),LIV(h),IPS(a),FUL(h),MUN(a),CRY(h),CHE(a),SUN(h),COV(a),AVL(h),BOU(a),TOT(h),LEE(a),NFO(h),EVE(a),BHA(h)
AVL,BHA(a),ARS(h),HUL(a),NFO(h),TOT(a),BRE(h),NEW(a),MCI(h),FUL(h),MUN(a),SUN(h),IPS(a),EVE(h),CRY(h),COV(a),CHE(a),LEE(h),LIV(h),BOU(a),EVE(a),MUN(h),FUL(a),IPS(h),SUN(a),BOU(h),LEE(a),CHE(h),LIV(a),HUL(h),NFO(a),BHA(h),ARS(a),COV(h),CRY(a),BRE(a),NEW(h),MCI(a),TOT(h)
BOU,MCI(a),EVE(h),NEW(a),BRE(h),LIV(h),CHE(a),SUN(h),MUN(a),LEE(h),IPS(a),NFO(h),FUL(a),BHA(h),HUL(h),ARS(a),COV(h),TOT(a),CRY(a),AVL(h),BHA(a),IPS(h),NFO(a),FUL(h),LEE(a),AVL(a),CRY(h),COV(a),TOT(h),NEW(h),BRE(a),MCI(h),EVE(a),ARS(h),HUL(a),MUN(h),SUN(a),CHE(h),LIV(a)
BRE,TOT(h),LEE(a),SUN(h),BOU(a),CHE(h),AVL(a),LIV(h),HUL(a),NFO(h),BHA(a),EVE(h),MUN(a),ARS(h),MCI(h),FUL(a),NEW(h),IPS(a),COV(a),CRY(h),ARS(a),BHA(h),EVE(a),MUN(h),NFO(a),CRY(a),COV(h),NEW(a),IPS(h),SUN(a),BOU(h),TOT(a),LEE(h),FUL(h),MCI(a),AVL(h),LIV(a),HUL(h),CHE(a)
BHA,AVL(h),CHE(a),LEE(h),COV(a),ARS(h),SUN(a),CRY(h),LIV(a),MCI(a),BRE(h),HUL(a),NEW(h),BOU(a),NFO(a),EVE(h),IPS(h),FUL(a),TOT(a),MUN(h),BOU(h),BRE(a),MCI(h),NEW(a),HUL(h),MUN(a),TOT(h),IPS(a),FUL(h),LEE(a),COV(h),AVL(a),CHE(h),EVE(a),NFO(h),SUN(h),CRY(a),LIV(h),ARS(a)
CHE,FUL(a),BHA(h),ARS(a),HUL(h),BRE(a),BOU(h),EVE(a),TOT(h),MUN(h),SUN(a),LEE(h),NFO(a),CRY(h),LIV(h),MCI(a),AVL(h),COV(a),IPS(a),NEW(h),CRY(a),SUN(h),LEE(a),NFO(h),MUN(a),NEW(a),IPS(h),AVL(a),COV(h),ARS(h),HUL(a),FUL(h),BHA(a),MCI(h),LIV(a),TOT(a),EVE(h),BOU(a),BRE(h)
COV,ARS(a),HUL(h),MCI(a),BHA(h),NFO(a),NEW(h),TOT(a),FUL(h),SUN(h),EVE(a),CRY(h),LEE(a),IPS(h),MUN(a),AVL(h),BOU(a),CHE(h),BRE(h),LIV(a),IPS(a),EVE(h),SUN(a),LEE(h),CRY(a),LIV(h),BRE(a),BOU(h),CHE(a),MCI(h),BHA(a),ARS(h),HUL(a),AVL(a),MUN(h),NEW(a),TOT(h),FUL(a),NFO(h)
CRY,EVE(a),MCI(h),FUL(a),IPS(h),LEE(a),NFO(h),BHA(a),NEW(h),TOT(a),LIV(h),COV(a),HUL(h),CHE(a),AVL(a),MUN(h),SUN(a),ARS(h),BOU(h),BRE(a),CHE(h),LIV(a),TOT(h),HUL(a),COV(h),BRE(h),BOU(a),SUN(h),ARS(a),FUL(h),IPS(a),EVE(h),MCI(a),MUN(a),AVL(h),NFO(a),BHA(h),NEW(a),LEE(h)
EVE,CRY(h),BOU(a),MUN(h),TOT(a),IPS(h),HUL(a),CHE(h),ARS(a),NEW(a),COV(h),BRE(a),LIV(h),AVL(a),FUL(h),BHA(a),NFO(a),SUN(h),MCI(h),LEE(a),AVL(h),COV(a),BRE(h),LIV(a),NEW(h),LEE(h),SUN(a),NFO(h),MCI(a),MUN(a),TOT(h),CRY(a),BOU(h),BHA(h),FUL(a),HUL(h),CHE(a),ARS(h),IPS(a)
FUL,CHE(h),SUN(a),CRY(h),LIV(a),MUN(h),IPS(a),HUL(h),COV(a),AVL(a),NEW(h),MCI(a),BOU(h),TOT(a),EVE(a),BRE(h),LEE(a),BHA(h),ARS(h),NFO(a),TOT(h),NEW(a),AVL(h),BOU(a),MCI(h),NFO(h),ARS(a),LEE(h),BHA(a),CRY(a),LIV(h),CHE(a),SUN(h),BRE(a),EVE(h),IPS(h),HUL(a),COV(h),MUN(a)
HUL,MUN(h),COV(a),AVL(h),CHE(a),NEW(a),EVE(h),FUL(a),BRE(h),IPS(h),ARS(a),BHA(h),CRY(a),NFO(h),BOU(a),TOT(h),MCI(a),LIV(h),LEE(h),SUN(a),NFO(a),ARS(h),IPS(a),CRY(h),BHA(a),SUN(h),LIV(a),MCI(h),LEE(a),AVL(a),CHE(h),MUN(a),COV(h),TOT(a),BOU(h),EVE(a),FUL(h),BRE(a),NEW(h)
IPS,SUN(h),MUN(a),LIV(h),CRY(a),EVE(a),FUL(h),MCI(a),NFO(h),HUL(a),BOU(h),TOT(a),AVL(h),COV(a),LEE(a),NEW(h),BHA(a),BRE(h),CHE(h),ARS(a),COV(h),BOU(a),HUL(h),AVL(a),TOT(h),ARS(h),CHE(a),BHA(h),BRE(a),LIV(a),CRY(h),SUN(a),MUN(h),NEW(a),LEE(h),FUL(a),MCI(h),NFO(a),EVE(h)
LEE,NFO(a),BRE(h),BHA(a),NEW(h),CRY(h),ARS(a),MUN(h),SUN(a),BOU(a),TOT(h),CHE(a),COV(h),MCI(a),IPS(h),LIV(a),FUL(h),AVL(a),HUL(a),EVE(h),MCI(h),TOT(a),CHE(h),COV(a),BOU(h),EVE(a),AVL(h),FUL(a),HUL(h),BHA(h),NEW(a),NFO(h),BRE(a),LIV(h),IPS(a),ARS(h),MUN(a),SUN(h),CRY(a)
LIV,NEW(a),NFO(h),IPS(a),FUL(h),BOU(a),MCI(h),BRE(a),BHA(h),ARS(h),CRY(a),MUN(h),EVE(a),SUN(h),CHE(a),LEE(h),TOT(h),HUL(a),AVL(a),COV(h),SUN(a),CRY(h),MUN(a),EVE(h),ARS(a),COV(a),HUL(h),TOT(a),AVL(h),IPS(h),FUL(a),NEW(h),NFO(a),LEE(a),CHE(h),MCI(a),BRE(h),BHA(a),BOU(h)
MCI,BOU(h),CRY(a),COV(h),MUN(a),SUN(h),LIV(a),IPS(h),AVL(a),BHA(h),NFO(a),FUL(h),ARS(a),LEE(h),BRE(a),CHE(h),HUL(h),NEW(a),EVE(a),TOT(h),LEE(a),NFO(h),BHA(a),ARS(h),FUL(a),TOT(a),NEW(h),HUL(a),EVE(h),COV(a),MUN(h),BOU(a),CRY(h),CHE(a),BRE(h),LIV(h),IPS(a),AVL(h),SUN(a)
MUN,HUL(a),IPS(h),EVE(a),MCI(h),FUL(a),TOT(h),LEE(a),BOU(h),CHE(a),AVL(h),LIV(a),BRE(h),NEW(a),COV(h),CRY(a),ARS(a),NFO(h),SUN(h),BHA(a),NEW(h),AVL(a),LIV(h),BRE(a),CHE(h),BHA(h),NFO(a),ARS(h),SUN(a),EVE(h),MCI(a),HUL(h),IPS(a),CRY(h),COV(a),BOU(a),LEE(h),TOT(a),FUL(h)
NEW,LIV(h),TOT(a),BOU(h),LEE(a),HUL(h),COV(a),AVL(h),CRY(a),EVE(h),FUL(a),ARS(h),BHA(a),MUN(h),SUN(h),IPS(a),BRE(a),MCI(h),NFO(h),CHE(a),MUN(a),FUL(h),ARS(a),BHA(h),EVE(a),CHE(h),MCI(a),BRE(h),NFO(a),BOU(a),LEE(h),LIV(a),TOT(h),IPS(h),SUN(a),COV(h),AVL(a),CRY(h),HUL(a)
NFO,LEE(h),LIV(a),TOT(h),AVL(a),COV(h),CRY(a),ARS(h),IPS(a),BRE(a),MCI(h),BOU(a),CHE(h),HUL(a),BHA(h),SUN(a),EVE(h),MUN(a),NEW(a),FUL(h),HUL(h),MCI(a),BOU(h),CHE(a),BRE(h),FUL(a),MUN(h),EVE(a),NEW(h),TOT(a),AVL(h),LEE(a),LIV(h),SUN(h),BHA(a),CRY(h),ARS(a),IPS(h),COV(a)
TOT,BRE(a),NEW(h),NFO(a),EVE(h),AVL(h),MUN(a),COV(h),CHE(a),CRY(h),LEE(a),IPS(h),SUN(a),FUL(h),ARS(h),HUL(a),LIV(a),BOU(h),BHA(h),MCI(a),FUL(a),LEE(h),CRY(a),SUN(h),IPS(a),MCI(h),BHA(a),LIV(h),BOU(a),NFO(h),EVE(a),BRE(h),NEW(a),HUL(h),ARS(a),CHE(h),COV(a),MUN(h),AVL(a)
SUN,IPS(a),FUL(h),BRE(a),ARS(h),MCI(a),BHA(h),BOU(a),LEE(h),COV(a),CHE(h),AVL(a),TOT(h),LIV(a),NEW(a),NFO(h),CRY(h),EVE(a),MUN(a),HUL(h),LIV(h),CHE(a),COV(h),TOT(a),AVL(h),HUL(a),EVE(h),CRY(a),MUN(h),BRE(h),ARS(a),IPS(h),FUL(a),NFO(a),NEW(h),BHA(a),BOU(h),LEE(a),MCI(h)
